{
    "toolcache": [
        {
            "name": "Python",
            "url" : "https://raw.githubusercontent.com/actions/python-versions/main/versions-manifest.json",
            "platform" : "linux",
            "platform_version": "22.04",
            "arch": "x64",
            "versions": [
                "3.9.*",
                "3.10.*",
                "3.11.*",
                "3.12.*",
                "3.13.*"
            ]
        },
        {
            "name": "PyPy",
            "arch": "x64",
            "platform" : "linux",
            "versions": [
                "3.7",
                "3.8",
                "3.9",
                "3.10"
            ]
        },
        {
            "name": "node",
            "url" : "https://raw.githubusercontent.com/actions/node-versions/main/versions-manifest.json",
            "platform" : "linux",
            "arch": "x64",
            "versions": [
                "18.*",
                "20.*",
                "22.*"
            ]
        },
        {
            "name": "go",
            "url" : "https://raw.githubusercontent.com/actions/go-versions/main/versions-manifest.json",
            "arch": "x64",
            "platform" : "linux",
            "versions": [
                "1.22.*",
                "1.23.*",
                "1.24.*"
            ],
            "default": "1.24.*"
        },
        {
            "name": "Ruby",
            "platform_version": "22.04",
            "arch": "x64",
            "versions": [
                "3.1.*",
                "3.2.*",
                "3.3.*"
            ]
        },
        {
            "name": "CodeQL",
            "platform" : "linux",
            "arch": "x64",
            "versions": [
                "*"
            ]
        }
    ],
    "java": {
        "default": "11",
        "versions": [ "8", "11", "17", "21"],
        "maven": "3.9.11"
    },
    "android": {
        "cmdline-tools": "commandlinetools-linux-9477386_latest.zip",
        "platform_min_version": "31",
        "build_tools_min_version": "31.0.0",
        "extra_list": [
            "android;m2repository",
            "google;m2repository",
            "google;google_play_services"
        ],
        "addon_list": [
        ],
        "additional_tools": [
            "cmake;3.18.1",
            "cmake;3.22.1",
            "cmake;3.31.5"
        ],
        "ndk": {
            "default": "27",
            "versions": [
                "26", "27"
            ]
        }
    },
    "powershellModules": [
        {"name": "MarkdownPS"},
        {"name": "Microsoft.Graph"},
        {"name": "Pester"},
        {"name": "PSScriptAnalyzer"}
    ],
    "azureModules": [
        {
            "name": "az",
            "versions": [
                "12.5.0"
            ]
        }
    ],
    "apt": {
        "vital_packages": [
            "bzip2",
            "curl",
            "g++",
            "gcc",
            "make",
            "jq",
            "tar",
            "unzip",
            "wget"
        ],
        "common_packages": [
            "autoconf",
            "automake",
            "dbus",
            "dnsutils",
            "dpkg",
            "dpkg-dev",
            "fakeroot",
            "fonts-noto-color-emoji",
            "gnupg2",
            "imagemagick",
            "iproute2",
            "iputils-ping",
            "lib32z1",
            "libc++abi-dev",
            "libc++-dev",
            "libc6-dev",
            "libcurl4",
            "libgbm-dev",
            "libgconf-2-4",
            "libgsl-dev",
            "libgtk-3-0",
            "libmagic-dev",
            "libmagickcore-dev",
            "libmagickwand-dev",
            "libsecret-1-dev",
            "libsqlite3-dev",
            "libyaml-dev",
            "libtool",
            "libunwind8",
            "libxkbfile-dev",
            "libxss1",
            "libssl-dev",
            "locales",
            "mercurial",
            "openssh-client",
            "p7zip-rar",
            "pkg-config",
            "python-is-python3",
            "rpm",
            "texinfo",
            "tk",
            "tzdata",
            "upx",
            "xorriso",
            "xvfb",
            "xz-utils",
            "zsync"
        ],
        "cmd_packages": [
            "acl",
            "aria2",
            "binutils",
            "bison",
            "brotli",
            "coreutils",
            "file",
            "findutils",
            "flex",
            "ftp",
            "haveged",
            "lz4",
            "m4",
            "mediainfo",
            "netcat",
            "net-tools",
            "p7zip-full",
            "parallel",
            "pass",
            "patchelf",
            "pigz",
            "pollinate",
            "rsync",
            "shellcheck",
            "sphinxsearch",
            "sqlite3",
            "ssh",
            "sshpass",
            "subversion",
            "sudo",
            "systemd-coredump",
            "swig",
            "telnet",
            "time",
            "zip"
        ]
    },
    "brew": [
    ],
    "docker": {
        "images": [
            "alpine:3.16",
            "alpine:3.17",
            "alpine:3.18",
            "alpine:3.19",
            "debian:10",
            "debian:11",
            "moby/buildkit:latest",
            "node:18",
            "node:20",
            "node:22",
            "node:18-alpine",
            "node:20-alpine",
            "node:22-alpine",
            "ubuntu:20.04",
            "ubuntu:22.04"
        ],
        "components": [
            {
                "package": "containerd.io",
                "version": "latest"
            },
            {
                "package": "docker-ce-cli",
                "version": "28.0.4"
            },
            {
                "package": "docker-ce",
                "version": "28.0.4"
            }
        ],
        "plugins": [
            {
                "plugin": "buildx",
                "version": "latest",
                "asset": "linux-amd64"
            },
            {
                "plugin": "compose",
                "version": "2.36.2",
                "asset": "linux-x86_64"
            }
        ]
    },
    "pipx": [
        {
            "package": "yamllint",
            "cmd": "yamllint"
        },
        {
            "package": "ansible-core",
            "cmd": "ansible"
        }
    ],
    "dotnet": {
        "aptPackages": [
            "dotnet-sdk-6.0",
            "dotnet-sdk-8.0",
            "dotnet-sdk-9.0"
        ],
        "versions": [
            "6.0",
            "8.0",
            "9.0"
        ],
        "tools": [
            { "name": "nbgv", "test": "nbgv --version", "getversion" : "nbgv --version" }
        ]
    },
    "clang": {
        "versions": [
            "13",
            "14",
            "15"
        ],
        "default_version": "14"
    },
    "gcc": {
        "versions": [
            "g++-9",
            "g++-10",
            "g++-12"
        ]
    },
    "gfortran": {
        "versions": [
            "gfortran-9",
            "gfortran-10",
            "gfortran-12"
        ]
    },
    "php": {
        "versions": [
            "8.1"
        ]
    },
    "rubygems": [
        {"name": "fastlane"}
    ],
    "selenium": {
        "version": "4"
    },
    "node": {
        "default": "20"
    },
    "node_modules": [
        {
            "name": "grunt",
            "command": "grunt"
        },
        {
            "name": "gulp",
            "command": "gulp"
        },
        {
            "name": "n",
            "command": "n"
        },
        {
            "name": "parcel",
            "command": "parcel"
        },
        {
            "name": "typescript",
            "command": "tsc"
        },
        {
            "name": "newman",
            "command": "newman"
        },
        {
            "name": "vercel",
            "command": "vercel"
        },
        {
            "name": "webpack",
            "command": "webpack"
        },
        {
            "name": "webpack-cli",
            "command": "webpack-cli"
        },
        {
            "name": "netlify-cli",
            "command": "netlify"
        },
        {
            "name": "lerna",
            "command": "lerna"
        },
        {
            "name": "yarn",
            "command": "yarn"
        }
    ],
     "postgresql": {
        "version": "14"
    },
    "pwsh": {
        "version": "7.4"
    }
}
